state,cor1_taub_bsb_sf,cor2_taub_scup_sf,cor3_taub_scup_bsb,cor1_bsb_taub_sf_p,cor2_scup_taub_sf_p,cor3_scup_taub_bsb_p,cor1_pearson_bsb_sf,cor2_pearson_scup_sf,cor3_pearson_scup_bsb
9,.07959073,-.094464965,.015304704,0,0,.050305013,.37269321,.069092505,.12672919
10,-.058241244,.021697287,.019190105,3.8464343e-11,.021695986,.03950844,-.049641512,-.0021605848,.030411882
24,-.36937451,-.014452693,.0067717931,0,.12933733,.44664392,-.15048186,-.008371002,.01545292
25,.059679057,-.056745499,-.096113704,6.1262106e-12,5.2753357e-11,0,.047266364,-.037510168,.36209187
34,-.13178518,-.065896906,.17314102,0,2.5313085e-13,0,-.061743174,-.027512029,.29223415
36,-.11439669,-.22998467,.03654116,0,0,.000020382162,-.0022687598,-.023665179,.038061976
37,-.199435,-.002875177,.0063076131,0,.77370179,.47893482,-.090320647,-.0019193088,.0060536973
44,.13086537,-.16881949,-.18378825,0,0,0,.022951512,-.077529959,-.083399318
51,-.29510048,-.14050552,-.15958454,0,0,0,-.099731334,-.065893836,-.052272566
