state,mean_cost,sd_cost
CT,35.77302,13.78957
DE,51.85013,15.39408
MA,46.68293,23.24057
MD,40.71748,24.0679
NC,63.07001,49.61593
NJ,48.23425,28.82445
NY,47.1808,38.57614
RI,24.80213,15.64683
VA,41.03033,25.34573
