state,mean_cost,sd_cost
CT,41.49659,16.00106
DE,60.13641,17.85081
MA,54.15934,26.92675
MD,47.22571,27.90332
NC,73.1783,57.63093
NJ,55.95468,33.44454
NY,54.73284,44.76536
RI,28.77062,18.14759
VA,47.60049,29.45221
