state,mean_cost,sd_cost
CT,36.87326,1.31033
DE,50.565,0.4964
MA,53.27,2.589063
MD,42.31,1.776
NC,93.957,3.64
NJ,43.9495,2.68
NY,40.28,1.7627
RI,27.70608,0.39759
VA,41.1,1.469
